Time,Microwell,Identity,Event
1,E3,0,Track Start
196,E3,0,Track Split
196,E3,0.1,Track Start
196,E3,0,Track Split
196,E3,0.0,Track Start
196,E3,0,Track End
297,E3,0.1,Track End
297,E3,0.1,Track Split
297,E3,0.1.0,Track Start
297,E3,0.1,Track Split
297,E3,0.1.1,Track Start
303,E3,0.0,Track Split
303,E3,0.0.0,Track Start
303,E3,0.0,Track Split
303,E3,0.0.1,Track Start
303,E3,0.0,Track End
430,E3,0.1.1,Track Split
430,E3,0.1.1.0,Track Start
430,E3,0.1.1,Track End
430,E3,0.1.1,Track Split
430,E3,0.1.1.1,Track Start
433,E3,0.1.0,Track Split
433,E3,0.1.0.0,Track Start
433,E3,0.1.0,Track End
433,E3,0.1.0,Track Split
433,E3,0.1.0.1,Track Start
670,E3,0.0.1,Track End
677,E3,0.1.1.0,Track End
729,E3,0.1.0.1,Track End
754,E3,0.0.0,Track End
817,E3,0.1.1.1,Track End
894,E3,0.1.0.0,Track End
