Time,Microwell,Identity,Event
1,C8,0,Track Start
185,C8,0,Track Split
185,C8,0.1,Track Start
185,C8,0,Track End
185,C8,0,Track Split
185,C8,0.0,Track Start
304,C8,0.1,Track Split
304,C8,0.1.0,Track Start
304,C8,0.1,Track Split
304,C8,0.1.1,Track Start
304,C8,0.1,Track End
312,C8,0.0,Track Split
312,C8,0.0.0,Track Start
312,C8,0.0,Track Split
312,C8,0.0.1,Track Start
312,C8,0.0,Track End
457,C8,0.0.1,Track End
457,C8,0.0.1,Track Split
457,C8,0.0.1.0,Track Start
457,C8,0.0.1,Track Split
457,C8,0.0.1.1,Track Start
499,C8,0.1.1,Track Split
499,C8,0.1.1.0,Track Start
499,C8,0.1.1,Track Split
499,C8,0.1.1.1,Track Start
499,C8,0.1.1,Track End
624,C8,0.0.1.1,Track End
856,C8,0.1.0,Track End
1076,C8,0.0.1.0,Track End
1129,C8,0.1.1.0,Track End
1158,C8,0.0.0,Track End
1296,C8,0.1.1.1,Track End
