Time,Microwell,Identity,Event
1,C1,0,Track Start
66,C1,0,Track Split
66,C1,0.0,Track Start
66,C1,0,Track End
66,C1,0,Track Split
66,C1,0.1,Track Start
168,C1,0.0,Track End
168,C1,0.0,Track Split
168,C1,0.0.0,Track Start
168,C1,0.0,Track Split
168,C1,0.0.1,Track Start
177,C1,0.1,Track End
177,C1,0.1,Track Split
177,C1,0.1.0,Track Start
177,C1,0.1,Track Split
177,C1,0.1.1,Track Start
370,C1,0.1.0,Track Split
370,C1,0.1.0.0,Track Start
370,C1,0.1.0,Track End
370,C1,0.1.0,Track Split
370,C1,0.1.0.1,Track Start
629,C1,0.0.0,Track End
708,C1,0.0.1,Track End
823,C1,0.1.1,Track End
951,C1,0.1.0.0,Track End
1296,C1,0.1.0.1,Track End
