Time,Microwell,Identity,Event
1,E1,0,Track Start
85,E1,0,Track End
85,E1,0,Track Split
85,E1,0.0,Track Start
85,E1,0,Track Split
85,E1,0.1,Track Start
179,E1,0.1,Track Split
179,E1,0.1.0,Track Start
179,E1,0.1,Track Split
179,E1,0.1.1,Track Start
179,E1,0.1,Track End
187,E1,0.0,Track Split
187,E1,0.0.0,Track Start
187,E1,0.0,Track Split
187,E1,0.0.1,Track Start
187,E1,0.0,Track End
361,E1,0.0.0,Track Split
361,E1,0.0.0.0,Track Start
361,E1,0.0.0,Track Split
361,E1,0.0.0.1,Track Start
361,E1,0.0.0,Track End
379,E1,0.0.0.1,Track End
384,E1,0.1.0,Track End
387,E1,0.0.1,Track Split
387,E1,0.0.1.0,Track Start
387,E1,0.0.1,Track End
387,E1,0.0.1,Track Split
387,E1,0.0.1.1,Track Start
452,E1,0.1.1,Track End
453,E1,0.0.1.0,Track End
542,E1,0.0.0.0,Track End
609,E1,0.0.1.1,Track End
