Time,Microwell,Identity,Event
1,C3,0,Track Start
151,C3,0,Track Split
151,C3,0.0,Track Start
151,C3,0,Track Split
151,C3,0.1,Track Start
151,C3,0,Track End
271,C3,0.1,Track End
271,C3,0.1,Track Split
271,C3,0.1.0,Track Start
271,C3,0.1,Track Split
271,C3,0.1.1,Track Start
301,C3,0.0,Track Split
301,C3,0.0.0,Track Start
301,C3,0.0,Track End
301,C3,0.0,Track Split
301,C3,0.0.1,Track Start
393,C3,0.0.1,Track End
411,C3,0.0.0,Track End
569,C3,0.1.1,Track End
575,C3,0.1.0,Track End
575,C3,0.1.0,Track Split
575,C3,0.1.0.0,Track Start
575,C3,0.1.0,Track Split
575,C3,0.1.0.1,Track Start
601,C3,0.1.0.0,Track End
630,C3,0.1.0.1,Track End
